period_days,frequency_per_day,mean_local_wavelet_power,mean_wwz_like_statistic
0.05,20.0,0.015019382385929498,1.4800463342844148
0.05011003343200837,19.95608327335975,0.029710662435613423,2.5806772258653803
0.05022006686401674,19.912358992028974,0.013616290687287556,1.5357586996456374
0.05033010029602511,19.8688258938156,0.01608528681880539,1.2907191862778344
0.05044013372803348,19.825482727541278,0.022334562318974797,2.214253107781176
0.05055016716004184,19.782328252921495,0.015873862667295,1.668501185681872
0.05066020059205021,19.739361240447273,0.02034965112480288,1.757822969662233
0.05077023402405858,19.696580471268426,0.029695500161620623,2.4220800173239656
0.05088026745606695,19.653984737078268,0.020203758064840555,1.8212665543020878
0.05099030088807532,19.611572839999887,0.019617821998308207,2.411690360346213
0.051100334320083686,19.569343592473825,0.016152349928784157,1.54432792299081
0.051210367752092055,19.52729581714726,0.021969806083664407,1.4902084777756104
0.051320401184100424,19.48542834676456,0.0222852519997563,1.6349655930006974
0.051430434616108786,19.443740024059313,0.01897661243331647,1.705119246433473
0.051540468048117155,19.40222970164764,0.017245267801901512,1.8068310725582457
0.051650501480125524,19.360896241922987,0.023056241591765905,2.019162422492841
0.05176053491213389,19.319738516952157,0.00832020814962659,0.6697379780633057
0.05187056834414226,19.27875540837273,0.030440971988690033,2.913126541797935
0.05198060177615063,19.237945807291766,0.010154629433811424,1.0028462895951713
0.052090635208159,19.197308614185783,0.007856353885471403,0.8738485649941455
0.05220066864016737,19.15684273880201,0.01588701697758949,1.263867058410165
0.05231070207217574,19.116547100060885,0.013375786892871363,1.4101482288133922
0.0524207355041841,19.076420625959784,0.026612405290821536,2.23896306991932
0.05253076893619247,19.03646225347795,0.019128073037247634,1.9640242810546684
0.05264080236820084,18.996670928482622,0.00944157809871073,0.9460949110934077
0.05275083580020921,18.95704560563634,0.02253691684073532,2.342687072289978
0.052860869232217576,18.9175852483054,0.013760058413191218,1.441616470047998
0.052970902664225945,18.878288828469465,0.01451209427349382,1.4382443624997319
0.053080936096234314,18.839155326632273,0.012650849426389327,1.2859684490443966
0.05319096952824268,18.800183731733494,0.026714291167975694,2.6148342154378486
0.053301002960251045,18.761373041061628,0.008930081601415327,0.7058157381476506
0.053411036392259414,18.722722260168027,0.03303087450304911,2.446447230346612
0.053521069824267783,18.684230402781957,0.02680573748699443,2.785587856383135
0.05363110325627615,18.645896490726685,0.017313365670842774,1.8336755020667967
0.05374113668828452,18.60771955383665,0.01664276207811133,1.7750213524704423
0.05385117012029289,18.569698629875585,0.015619943813147552,1.7049212912672749
0.05396120355230126,18.531832764455704,0.012200225111873932,0.9486374175043636
0.05407123698430963,18.494121010957816,0.022907962727981204,2.313906124250033
0.054181270416318,18.456562430452458,0.011028761970765036,1.2338453673079892
0.05429130384832636,18.419156091621975,0.02095434217619557,1.9036779396643018
0.05440133728033473,18.381901070683515,0.022429375079451103,2.0068518090048086
0.0545113707123431,18.344796451313016,0.015644025929250276,1.8100403186473215
0.05462140414435147,18.30784132457006,0.02426757939951149,2.580225055213665
0.054731437576359836,18.27103478882364,0.010708644780003176,1.3455361972460216
0.054841471008368205,18.234375949678867,0.009388709608064458,1.0997079787531796
0.054951504440376574,18.197863919904485,0.011112093943286614,1.3675691640175456
0.05506153787238494,18.161497819361323,0.013536688147445717,1.2618852302187153
0.055171571304393305,18.12527677493155,0.011342691394642787,1.1264377745534027
0.055281604736401674,18.089199920448817,0.012056798464655618,0.9839449990524605
0.05539163816841004,18.05326639662919,0.010572961109910626,1.352187063160861
0.05550167160041841,18.017475351002965,0.011953293367155752,1.2471569094146462
0.05561170503242678,17.98182593784721,0.020653448919474925,1.926551048156186
0.05572173846443515,17.946317318119178,0.009802749464267525,1.0832206767395143
0.05583177189644352,17.910948659390478,0.013850142214691353,1.6898049178526278
0.05594180532845189,17.87571913578202,0.01749585370520123,1.721478712122308
0.05605183876046026,17.84062792789973,0.014885461088956385,1.4613329921805842
0.056161872192468626,17.805674222771035,0.015961141181641478,1.6636817254479226
0.05627190562447699,17.770857213782058,0.013526560460119672,1.4259008658471328
0.05638193905648536,17.736176100615584,0.01509593169481619,1.5857138800542379
0.056491972488493726,17.70163008918975,0.010822893826237624,1.0913378665897617
0.056602005920502095,17.66721839159741,0.025059345419691716,2.608061045870288
0.056712039352510464,17.632940226046255,0.009340586259212245,1.1622877443892106
0.05682207278451883,17.598794816799607,0.012781525502657279,1.441313449412117
0.0569321062165272,17.564781394117883,0.014128984949202845,1.9279909489978757
0.057042139648535564,17.53089919420077,0.012929831063168473,1.3657885838739434
0.05715217308054393,17.497147459130048,0.018595389301896685,1.8770418754941547
0.0572622065125523,17.463525436813068,0.0127476727871785,1.1272088827935092
0.05737223994456067,17.430032380926896,0.01978087575102957,2.0157017122301406
0.05748227337656904,17.396667550863093,0.01513885065119136,1.7458206041470419
0.05759230680857741,17.363430211673112,0.02274352166156411,2.1167534365785907
0.05770234024058578,17.330319634014348,0.016683304371200275,1.4041749489709066
0.05781237367259415,17.297335094096788,0.013213572116435635,1.4649810271341637
0.057922407104602516,17.264475873630257,0.010557077642041286,1.0697305533401293
0.058032440536610885,17.231741259772296,0.010499328716318096,1.4000273533674952
0.05814247396861925,17.199130545076592,0.013342532532320461,1.6937785190272379
0.058252507400627616,17.166643027442042,0.008739574932304144,1.152151836312656
0.058362540832635985,17.13427801006234,0.0110765482136972,1.2506994151413768
0.058472574264644354,17.102034801376163,0.009078333191962905,0.992171731576365
0.05858260769665272,17.06991271501794,0.020220183474444355,2.0590318575024913
0.05869264112866109,17.037911069769102,0.016504225749080705,1.5049554811477384
0.058802674560669455,17.006029189509967,0.012793549092221895,1.2546691429521108
0.058912707992677824,16.974266403172106,0.012021587761005634,1.3081261143337395
0.05902274142468619,16.942622044691255,0.019786696837450525,2.0134718853877676
0.05913277485669456,16.911095452960765,0.011293994122951546,1.4505182717304754
0.05924280828870293,16.87968597178556,0.012674952751566677,1.554628293309301
0.0593528417207113,16.8483929498366,0.012437350895565769,1.2422721095950555
0.05946287515271967,16.81721574060589,0.02555290875186683,3.3252617395936506
0.05957290858472804,16.786153702361908,0.022347379368173662,2.1351808788525743
0.05968294201673641,16.75520619810562,0.010657016140927442,1.1742916519992854
0.059792975448744776,16.7243725955269,0.012450149864427638,1.4847772832208697
0.059903008880753145,16.693652266961507,0.01686217154906221,1.5389017620771628
0.06001304231276151,16.663044589348445,0.007477812055890527,0.8846675814751225
0.060123075744769876,16.632548944187878,0.013067520153555341,1.2885133111803804
0.060233109176778245,16.60216471749945,0.015699405304158073,1.4419988436128337
0.060343142608786614,16.571891299781083,0.011408865447219587,1.558519561277454
0.06045317604079498,16.54172808596823,0.02341207185858125,2.2496914374479773
0.06056320947280335,16.51167447539355,0.007696277609003119,1.0305381098617186
0.06067324290481172,16.48172987174705,0.012258101209916595,1.3240446571967965
0.06078327633682008,16.451893683036626,0.014476890142297512,1.7991150319803413
0.06089330976882845,16.422165321549073,0.012677394294012498,1.9488545022603248
0.06100334320083682,16.39254420381148,0.03333262443221771,4.076738288415633
0.06111337663284519,16.36302975055306,0.024829582994870876,2.781383460677265
0.06122341006485356,16.333621386667396,0.015690697205329535,1.8486729678166012
0.06133344349686193,16.30431854117508,0.012165043111528306,1.0223525016102413
0.0614434769288703,16.275120647186753,0.014166267291817958,2.0426589666115578
0.061553510360878666,16.24602714186657,0.009718355760964277,1.2614703101300835
0.061663543792887035,16.217037466396008,0.004149961991814419,0.6099415056564879
0.061773577224895404,16.188151065938097,0.014767647178156833,1.57984057533122
0.061883610656903766,16.15936738960204,0.010635899199793209,1.2074725842313259
0.061993644088912135,16.130685890408156,0.013279864544115491,1.6295336427998834
0.062103677520920504,16.102106025253267,0.012977927451726077,1.4781240358399919
0.06221371095292887,16.0736272548764,0.015772892147973682,1.7835211877313202
0.06232374438493724,16.04524904382487,0.013638083634571892,1.7515342273171228
0.06243377781694561,16.01697086042073,0.03404335503393123,2.930347287517861
0.06254381124895397,15.988792176727554,0.014424809830915875,1.454164184818475
0.06265384468096234,15.960712468517588,0.013531091437961211,1.484538708065777
0.06276387811297071,15.932731215239249,0.008793235518536639,1.0988782188494133
0.06287391154497908,15.904847899984949,0.01033196487209611,1.1672341500128764
0.06298394497698745,15.877062009459262,0.009966620142877941,1.461534593229531
0.06309397840899582,15.849373033947435,0.00925095792744448,1.2295180784377608
0.06320401184100419,15.82178046728421,0.012430609063135391,1.2169136876149438
0.06331404527301256,15.794283806822992,0.017424644201448614,1.8705095170841717
0.06342407870502093,15.766882553405315,0.013465435758346427,1.382431447502727
0.0635341121370293,15.739576211330647,0.016129289845716464,2.0735003101231277
0.06364414556903766,15.71236428832649,0.017492532318320677,2.2511914527421784
0.06375417900104603,15.685246295518803,0.01676583763058016,1.9476293583814575
0.0638642124330544,15.658221747402726,0.015869825212228218,2.066692784944038
0.06397424586506276,15.631290161813602,0.021290104744121807,2.1718386630778967
0.06408427929707114,15.604451059898294,0.007341577566962902,0.9909064613665142
0.0641943127290795,15.577703966086831,0.009682412333545463,1.2907651010614871
0.06430434616108786,15.551048408064283,0.005568718249700134,0.7913238506640998
0.06441437959309623,15.524483916742986,0.009402004489967072,1.2056943092052976
0.0645244130251046,15.49801002623501,0.010854090465037446,1.0635392396367962
0.06463444645711297,15.471626273824935,0.018750958373083885,2.237121258813151
0.06474447988912134,15.445332199942879,0.008804830578425866,1.1187869995477597
0.06485451332112971,15.419127348137826,0.020115264192555195,2.8992008393121953
0.06496454675313808,15.393011265051204,0.014630179137257567,1.9005094975708656
0.06507458018514645,15.366983500390745,0.01369298098327581,1.5402273374215882
0.06518461361715482,15.34104360690461,0.007237706154683983,0.8443972005713966
0.06529464704916318,15.315191140355754,0.007118484596441148,0.9015604375520557
0.06540468048117155,15.289425659496588,0.008041809565030918,0.9446761796266725
0.06551471391317992,15.263746726043857,0.010871125654721606,1.6352876369992797
0.06562474734518829,15.2381539046538,0.009049384930621174,1.3625612749012732
0.06573478077719666,15.212646762897537,0.00853728348045038,1.3471538012972144
0.06584481420920502,15.18722487123673,0.014428934184769742,2.029307915796322
0.0659548476412134,15.161887802999443,0.011332328900210797,1.185123136326671
0.06606488107322175,15.136635134356316,0.015404857252474948,1.6485422894807769
0.06617491450523014,15.111466444296878,0.006180684207263576,0.8694273511518271
0.06628494793723849,15.086381314606207,0.01746405812711202,1.6443718352205046
0.06639498136924686,15.061379329841708,0.007438254971764135,0.8131472837789921
0.06650501480125523,15.036460077310227,0.01854165664944065,2.039143469969277
0.0666150482332636,15.011623147045315,0.020751550186880477,2.79616380323113
0.06672508166527197,14.986868131784759,0.012022327722946043,1.2943123765701572
0.06683511509728034,14.962194626948314,0.013302667051700327,1.5470941040033623
0.0669451485292887,14.937602230615665,0.010585080797542456,1.5758661433566195
0.06705518196129708,14.913090543504605,0.02184278991685975,2.6349090845178553
0.06716521539330544,14.888659168949422,0.013750880605752329,1.9538214588894534
0.06727524882531381,14.864307712879505,0.011693101081860384,1.6123973044816506
0.06738528225732218,14.840035783798154,0.016967191442640795,1.8636070308018136
0.06749531568933055,14.815842992761597,0.016669156379822258,2.1856802418746275
0.06760534912133892,14.791728953358225,0.009226172132780784,1.3208701351573324
0.06771538255334728,14.76769328168801,0.010265705267740611,1.1328471685809058
0.06782541598535566,14.74373559634212,0.017863952649576482,2.2106057511696187
0.06793544941736401,14.719855518382781,0.009950746526997567,1.3824544943435497
0.0680454828493724,14.696052671323256,0.00934208726490362,1.6009020831290801
0.06815551628138075,14.672326681108096,0.010473720926221522,1.3552414961981225
0.06826554971338912,14.648677176093509,0.008944176052779388,1.3733132832035586
0.06837558314539749,14.625103787027989,0.017786468958007624,2.3925118567061205
0.06848561657740586,14.60160614703308,0.008609922469144464,1.209722062780003
0.06859565000941423,14.578183891584345,0.012019408906902698,1.7784162287611691
0.0687056834414226,14.554836658492519,0.01121036910487701,1.7375937158943529
0.06881571687343097,14.531564087884837,0.01488653042830524,2.517979532118608
0.06892575030543933,14.508365822186548,0.010256410057362995,1.6706863625499542
0.0690357837374477,14.485241506102595,0.013014318083330425,1.9815861286597303
0.06914581716945607,14.462190786599484,0.011672816910850205,1.799353213933757
0.06925585060146444,14.43921331288731,0.021806606659127602,2.5882749510246317
0.06936588403347281,14.41630873640197,0.013089108451272676,1.8284101272603763
0.06947591746548118,14.39347671078753,0.014043597567791988,2.2637520397190993
0.06958595089748953,14.370716891878777,0.0172357119812315,2.2301566604373573
0.06969598432949792,14.348028937683903,0.011699116701270752,1.7176888904443164
0.06980601776150627,14.325412508367416,0.015264981351604461,2.0215463441892556
0.06991605119351466,14.302867266233122,0.020349232597192967,2.2309220287633345
0.07002608462552301,14.280392875707367,0.005638133621195434,0.8293448287092084
0.07013611805753138,14.257989003322344,0.009286349371880467,1.3520634879698548
0.07024615148953975,14.235655317699626,0.014642319656666902,1.7174142612265881
0.07035618492154812,14.213391489533825,0.006524731741266567,1.1047033519001144
0.07046621835355649,14.191197191576398,0.010876169207461676,1.1243620338702036
0.07057625178556486,14.169072098619617,0.012266849464825624,1.4320287071588533
0.07068628521757322,14.147015887480691,0.011564907128401015,1.534041105654348
0.0707963186495816,14.12502823698602,0.019333685573237277,2.066174256776128
0.07090635208158996,14.103108827955609,0.006976578661096478,0.7324830065455917
0.07101638551359833,14.081257343187628,0.005368240632735998,0.6801009780050022
0.0711264189456067,14.059473467443105,0.006786977320895179,0.912818193116446
0.07123645237761507,14.03775688743077,0.019548058895021692,2.1393033757989945
0.07134648580962344,14.016107291792034,0.01649661699557993,1.5918431436190053
0.0714565192416318,13.994524371086115,0.023447699497974126,2.699613012059617
0.07156655267364018,13.973007817775272,0.018943583781527815,2.7028443251159535
0.07167658610564853,13.951557326210242,0.013763062191091156,2.506615072445794
0.07178661953765691,13.930172592615712,0.010626734586311675,1.3693940779353955
0.07189665296966527,13.908853315076035,0.009939395035925523,1.6052564316432203
0.07200668640167364,13.887599193520966,0.009804142731088195,1.3763644953954577
0.07211671983368201,13.866409929711633,0.017687311649857734,2.357914417839059
0.07222675326569038,13.845285227226551,0.008667354077265696,1.140344567486745
0.07233678669769875,13.824224791447822,0.0066390972274779645,1.1788144579392499
0.07244682012970712,13.803228329547427,0.008082217371795573,0.9609973375822152
0.07255685356171548,13.782295550473657,0.007624768746099104,1.4065842790684266
0.07266688699372385,13.761426164937665,0.00895136667931289,1.3578684762388888
0.07277692042573222,13.740619885400143,0.02148546608738481,2.8691095534943156
0.07288695385774059,13.719876426058105,0.015681059025838925,2.186307423741502
0.07299698728974896,13.699195502831813,0.01193474725511471,2.1279708242004007
0.07310702072175733,13.678576833351803,0.011781940369618483,1.7511600577223456
0.0732170541537657,13.658020136946032,0.015982140008194236,2.4618154555561333
0.07332708758577405,13.637525134627149,0.015175778949451608,1.9689470054823572
0.07343712101778244,13.617091549079857,0.016456116711928606,2.246960482352882
0.07354715444979079,13.59671910464844,0.009766115361861687,1.7554072806509067
0.07365718788179917,13.57640752732432,0.004675546735149665,0.8605404018864232
0.07376722131380753,13.556156544733819,0.010417960078443589,1.652060304467291
0.0738772547458159,13.535965886125943,0.02708230669688418,2.8696951588136232
0.07398728817782427,13.51583528236035,0.011952243741521673,1.6041879781643693
0.07409732160983264,13.495764465895364,0.02204782253590757,2.909489124163505
0.074207355041841,13.475753170776144,0.012586895566582289,2.195577509019309
0.07431738847384937,13.45580113262292,0.00948997640195688,1.826889123034987
0.07442742190585774,13.435908088619362,0.018131916507445354,2.452222255180361
0.07453745533786611,13.416073777501033,0.0068650331531416595,0.8798268652351316
0.07464748876987448,13.396297939543954,0.007540630310800302,1.2693262624068822
0.07475752220188285,13.376580316553268,0.03018137206037027,3.6027226842246005
0.07486755563389122,13.356920651851997,0.030117893135109344,3.0917348827640496
0.07497758906589959,13.337318690269917,0.009271211628303463,1.675032500938396
0.07508762249790796,13.317774178132506,0.008563127467466508,1.1770519613775874
0.07519765592991631,13.298286863250006,0.022421409845279013,2.271422716833052
0.0753076893619247,13.278856494906568,0.012053647770040721,1.7679561127932117
0.07541772279393305,13.259482823849524,0.01044210294950315,1.7402758866682475
0.07552775622594143,13.24016560227869,0.0161956326834659,2.5308474248076194
0.07563778965794979,13.220904583835846,0.012659920901276904,1.871365960592833
0.07574782308995816,13.201699523594222,0.01163470739428951,1.516166129679005
0.07585785652196653,13.182550178048139,0.010315488190891548,1.3098964733107539
0.0759678899539749,13.163456305102715,0.010532679484334641,1.9412512022162827
0.07607792338598326,13.144417664063656,0.007807736889996541,1.3249557287103184
0.07618795681799163,13.125434015627151,0.018155186803085376,1.8638543434743073
0.07629799025,13.106505121869837,0.009618174398695604,1.4974520314681297
